{"_step":98,"_wandb":{"runtime":147},"Progress":98,"_timestamp":1.730838017091139e+09,"Synthetic_LR":0.023951802402734756,"Grand_Loss":0.18725232779979706,"Start_Epoch":0,"_runtime":147.577455883}