{"Start_Epoch":0,"_runtime":149.767938772,"_step":100,"Progress":100,"_wandb":{"runtime":149},"_timestamp":1.7308381850067663e+09,"Synthetic_LR":0.024039316922426224,"Grand_Loss":0.16397568583488464}