{"Max_Accuracy/ConvNet":0.9841,"Grand_Loss":0.17108556628227234,"_wandb":{"runtime":182},"Accuracy/ConvNet":0.9841,"Pixels":{"bins":[-1.9365887641906738,-1.8577333688735962,-1.7788779735565186,-1.700022578239441,-1.6211671829223633,-1.5423119068145752,-1.4634565114974976,-1.38460111618042,-1.3057457208633423,-1.2268903255462646,-1.148034930229187,-1.0691795349121094,-0.9903241991996765,-0.9114688038825989,-0.832613468170166,-0.7537580728530884,-0.6749026775360107,-0.5960472822189331,-0.5171918869018555,-0.4383365511894226,-0.35948115587234497,-0.28062576055526733,-0.20177039504051208,-0.12291501462459564,-0.0440596342086792,0.034795746207237244,0.11365112662315369,0.19250650703907013,0.2713618874549866,0.3502172827720642,0.42907264828681946,0.5079280138015747,0.5867834091186523,0.66563880443573,0.7444941997528076,0.8233495354652405,0.9022049307823181,0.9810603260993958,1.0599156618118286,1.1387710571289062,1.2176264524459839,1.2964818477630615,1.3753372430801392,1.4541926383972168,1.5330479145050049,1.6119033098220825,1.6907587051391602,1.7696141004562378,1.8484694957733154,1.927324891090393,2.0061802864074707,2.085035562515259,2.163891077041626,2.242746353149414,2.3216018676757812,2.4004571437835693,2.4793124198913574,2.5581679344177246,2.6370232105255127,2.71587872505188,2.794734001159668,2.873589515686035,2.9524447917938232,3.0313003063201904,3.1101555824279785],"_type":"histogram","values":[1,3,0,4,10,19,50,77,130,260,469,752,1312,2007,2925,3819,4728,5519,6460,7869,10321,14786,22517,40570,204701,9873,3603,3397,3949,4177,4365,4514,4342,4125,3850,3141,2697,2248,1809,1401,1064,853,619,452,371,339,271,214,181,170,123,87,91,65,64,49,52,35,35,16,9,12,16,12]},"Max_Std/ConvNet":0,"_runtime":182.297135378,"Start_Epoch":0,"Synthetic_LR":0.027017248794436455,"_step":100,"_timestamp":1.7308389189349225e+09,"Std/ConvNet":0,"Progress":100}